time,gFx,gFy,gFz,TgF
9.08593E-4,-0.0420,0.9904,0.0467,0.992
0.001378489,-0.0406,0.9869,0.0496,0.989
0.00154875,-0.0440,0.9887,0.0474,0.991
0.001701979,-0.0467,0.9904,0.0481,0.993
0.001852552,-0.0474,0.9899,0.0508,0.992
0.003385364,-0.0525,0.9918,0.0515,0.995
0.0054875,-0.0574,0.9933,0.0513,0.996
0.008187135,-0.0613,0.9957,0.0508,0.999
0.010839114,-0.0594,0.9933,0.0518,0.996
0.013140677,-0.0542,0.9950,0.0511,0.998
0.015485625,-0.0511,0.9952,0.0498,0.998
0.017522395,-0.0481,0.9955,0.0491,0.998
0.019820781,-0.0428,0.9926,0.0479,0.995
0.022073906,-0.0371,0.9916,0.0491,0.993
0.024508489,-0.0335,0.9906,0.0513,0.993
0.026913281,-0.0340,0.9894,0.0501,0.991
0.029035468,-0.0347,0.9899,0.0496,0.992
0.031504531,-0.0354,0.9911,0.0513,0.993
0.033849323,-0.0401,0.9945,0.0513,0.997
0.036224739,-0.0450,0.9950,0.0508,0.997
0.038504114,-0.0467,0.9967,0.0489,0.999
0.041132552,-0.0484,0.9982,0.0462,1.000
0.043324062,-0.0462,0.9970,0.0442,0.999
0.045585208,-0.0457,0.9974,0.0386,0.999
0.047893229,-0.0437,0.9938,0.0362,0.995
0.050626406,-0.0374,0.9911,0.0389,0.993
0.052773333,-0.0325,0.9913,0.0437,0.993
0.055188125,-0.0313,0.9877,0.0494,0.989
0.057804895,-0.0303,0.9889,0.0518,0.991
0.059744323,-0.0288,0.9872,0.0513,0.989
0.062096041,-0.0301,0.9889,0.0481,0.991
0.064510625,-0.0323,0.9906,0.0432,0.992
0.066849687,-0.0367,0.9918,0.0396,0.993
0.069320573,-0.0408,0.9950,0.0359,0.996
0.071484427,-0.0445,0.9965,0.0332,0.998
0.074452552,-0.0467,0.9979,0.0332,1.000
0.076306979,-0.0452,0.9970,0.0352,0.999
0.078736041,-0.0450,0.9957,0.0389,0.998
0.08090125,-0.0411,0.9952,0.0432,0.997
0.083253333,-0.0354,0.9918,0.0469,0.994
0.085623802,-0.0315,0.9904,0.0479,0.992
0.08801151,-0.0296,0.9896,0.0447,0.991
0.090967239,-0.0271,0.9879,0.0403,0.989
0.095606562,-0.0281,0.9889,0.0371,0.990
0.095972864,-0.0283,0.9899,0.0340,0.991
0.097508229,-0.0337,0.9923,0.0306,0.993
0.101117812,-0.0369,0.9933,0.0308,0.994
0.102179114,-0.0406,0.9955,0.0318,0.997
0.104536927,-0.0452,0.9970,0.0340,0.999
0.107148593,-0.0472,0.9974,0.0376,0.999
0.109474635,-0.0464,0.9962,0.0406,0.998
0.111454375,-0.0432,0.9945,0.0428,0.996
0.113668333,-0.0389,0.9931,0.0435,0.995
0.116126614,-0.0349,0.9918,0.0408,0.993
0.118495572,-0.0310,0.9909,0.0371,0.992
0.120784166,-0.0283,0.9869,0.0335,0.988
0.123361041,-0.0273,0.9872,0.0308,0.988
0.126271145,-0.0286,0.9894,0.0276,0.990
0.128164635,-0.0323,0.9931,0.0281,0.994
0.130446666,-0.0354,0.9940,0.0291,0.995
0.133009895,-0.0391,0.9931,0.0320,0.994
0.135325104,-0.0435,0.9950,0.0349,0.997
0.13734276,-0.0445,0.9950,0.0374,0.997
0.139907968,-0.0452,0.9933,0.0396,0.995
0.142134427,-0.0440,0.9945,0.0406,0.996
0.144549375,-0.0411,0.9933,0.0384,0.995
0.146883854,-0.0374,0.9921,0.0357,0.993
0.149678854,-0.0325,0.9916,0.0323,0.993
0.151608958,-0.0298,0.9909,0.0308,0.992
0.154246822,-0.0281,0.9923,0.0315,0.993
0.156325312,-0.0291,0.9909,0.0296,0.992
0.158522708,-0.0301,0.9874,0.0288,0.988
0.160901562,-0.0315,0.9894,0.0310,0.990
0.163468906,-0.0352,0.9931,0.0332,0.994
0.16560677,-0.0398,0.9950,0.0347,0.996
0.167937812,-0.0447,0.9955,0.0349,0.997
0.17059276,-0.0440,0.9977,0.0349,0.999
0.173008541,-0.0435,0.9960,0.0352,0.998
0.175349427,-0.0432,0.9957,0.0332,0.997
0.177628229,-0.0408,0.9952,0.0325,0.997
0.17973375,-0.0384,0.9960,0.0325,0.997
0.182231875,-0.0342,0.9943,0.0315,0.995
0.186740156,-0.0325,0.9918,0.0306,0.993
0.187064895,-0.0306,0.9909,0.0313,0.992
0.189200572,-0.0303,0.9901,0.0310,0.991
0.191481562,-0.0332,0.9906,0.0308,0.992
0.193785,-0.0349,0.9923,0.0301,0.993
0.19629,-0.0386,0.9940,0.0298,0.995
0.198600625,-0.0413,0.9952,0.0286,0.997
0.201049531,-0.0435,0.9943,0.0310,0.996
0.203358593,-0.0447,0.9967,0.0306,0.998
0.20595901,-0.0435,0.9970,0.0310,0.998
0.208150625,-0.0411,0.9952,0.0335,0.997
0.210736302,-0.0369,0.9950,0.0332,0.996
0.212699843,-0.0337,0.9916,0.0357,0.993
0.215072395,-0.0325,0.9909,0.0367,0.992
0.217350104,-0.0325,0.9916,0.0347,0.993
0.219814635,-0.0323,0.9909,0.0345,0.992
0.222216927,-0.0313,0.9911,0.0320,0.992
0.224414166,-0.0320,0.9896,0.0281,0.991
0.226806093,-0.0345,0.9926,0.0281,0.994
0.229080104,-0.0379,0.9935,0.0276,0.995
0.23139625,-0.0396,0.9943,0.0288,0.995
0.233818385,-0.0430,0.9960,0.0306,0.997
0.236235885,-0.0430,0.9960,0.0332,0.997
0.238858802,-0.0437,0.9948,0.0371,0.996
0.240802135,-0.0411,0.9952,0.0391,0.997
0.243269583,-0.0384,0.9933,0.0386,0.995
0.245762187,-0.0364,0.9901,0.0389,0.992
0.247892031,-0.0335,0.9913,0.0379,0.993
0.250357395,-0.0298,0.9909,0.0349,0.992
0.252814791,-0.0313,0.9904,0.0310,0.991
0.25541526,-0.0320,0.9901,0.0278,0.991
0.257406979,-0.0325,0.9918,0.0269,0.993
0.259681041,-0.0342,0.9926,0.0293,0.994
0.262132291,-0.0384,0.9935,0.0318,0.995
0.264347812,-0.0403,0.9935,0.0340,0.995
0.26704901,-0.0430,0.9948,0.0386,0.996
0.269128906,-0.0432,0.9940,0.0411,0.996
0.271528906,-0.0425,0.9935,0.0423,0.995
0.273709375,-0.0401,0.9935,0.0428,0.995
0.276321562,-0.0384,0.9933,0.0411,0.995
0.278489375,-0.0362,0.9923,0.0389,0.994
0.28080901,-0.0342,0.9928,0.0357,0.994
0.286983593,-0.0308,0.9921,0.0327,0.993
0.287327812,-0.0315,0.9921,0.0318,0.993
0.288015468,-0.0332,0.9916,0.0315,0.993
0.290549739,-0.0342,0.9928,0.0325,0.994
0.293300364,-0.0362,0.9943,0.0354,0.996
0.295507968,-0.0391,0.9940,0.0384,0.996
0.29752151,-0.0401,0.9950,0.0418,0.997
0.299855937,-0.0423,0.9955,0.0428,0.997
0.301939322,-0.0437,0.9952,0.0440,0.997
0.304510729,-0.0403,0.9940,0.0447,0.996
0.306786927,-0.0389,0.9928,0.0425,0.994
0.308993541,-0.0359,0.9923,0.0401,0.994
0.311361979,-0.0349,0.9928,0.0389,0.994
0.313990208,-0.0323,0.9916,0.0369,0.993
0.316234114,-0.0318,0.9916,0.0359,0.993
0.31873276,-0.0315,0.9931,0.0354,0.994
0.320900781,-0.0342,0.9916,0.0379,0.993
0.323182291,-0.0362,0.9921,0.0393,0.994
0.325512916,-0.0381,0.9931,0.0415,0.995
0.327934531,-0.0386,0.9940,0.0435,0.996
0.330430312,-0.0408,0.9943,0.0459,0.996
0.332887552,-0.0425,0.9933,0.0440,0.995
0.335268333,-0.0420,0.9945,0.0450,0.996
0.337568697,-0.0415,0.9940,0.0437,0.996
0.339600885,-0.0398,0.9945,0.0432,0.996
0.342026093,-0.0381,0.9933,0.0428,0.995
0.34438901,-0.0345,0.9916,0.0411,0.993
0.346724062,-0.0330,0.9921,0.0403,0.993
0.349006614,-0.0327,0.9909,0.0411,0.992
0.351589895,-0.0325,0.9918,0.0396,0.993
0.354381874,-0.0335,0.9918,0.0408,0.993
0.356091562,-0.0347,0.9909,0.0413,0.992
0.358668697,-0.0347,0.9921,0.0428,0.994
0.36098026,-0.0362,0.9923,0.0435,0.994
0.363216874,-0.0391,0.9928,0.0440,0.995
0.36550776,-0.0406,0.9948,0.0445,0.997
0.367909374,-0.0413,0.9955,0.0457,0.997
0.370621822,-0.0408,0.9933,0.0454,0.995
0.372683802,-0.0396,0.9935,0.0452,0.995
0.37528302,-0.0371,0.9918,0.0430,0.993
0.377342864,-0.0364,0.9926,0.0413,0.994
0.379643177,-0.0345,0.9913,0.0420,0.993
0.381969583,-0.0325,0.9916,0.0406,0.993
0.384328958,-0.0327,0.9918,0.0401,0.993
0.386901197,-0.0332,0.9926,0.0403,0.994
0.389221562,-0.0352,0.9923,0.0408,0.994
0.391506666,-0.0364,0.9957,0.0428,0.997
0.394540781,-0.0381,0.9957,0.0430,0.997
0.396629843,-0.0406,0.9945,0.0437,0.996
0.39855526,-0.0398,0.9948,0.0445,0.997
0.400834114,-0.0393,0.9948,0.0454,0.997
0.403231302,-0.0401,0.9926,0.0459,0.994
0.405361093,-0.0369,0.9926,0.0459,0.994
0.407839687,-0.0364,0.9935,0.0452,0.995
0.410485156,-0.0352,0.9926,0.0430,0.994
0.412591249,-0.0320,0.9901,0.0403,0.991
0.415070312,-0.0332,0.9913,0.0408,0.993
0.417238697,-0.0323,0.9904,0.0401,0.992
0.419804739,-0.0332,0.9906,0.0418,0.992
0.421963697,-0.0357,0.9901,0.0413,0.992
0.424227656,-0.0357,0.9899,0.0420,0.991
0.427097187,-0.0362,0.9909,0.0435,0.992
0.429171249,-0.0401,0.9923,0.0457,0.994
0.431319583,-0.0403,0.9943,0.0442,0.996
0.434095729,-0.0406,0.9945,0.0423,0.996
0.436285624,-0.0398,0.9952,0.0411,0.997
0.438446666,-0.0379,0.9945,0.0408,0.996
0.440722239,-0.0364,0.9935,0.0406,0.995
0.443145468,-0.0342,0.9906,0.0391,0.992
0.44559651,-0.0337,0.9894,0.0379,0.991
0.447733802,-0.0332,0.9904,0.0379,0.992
0.450599583,-0.0330,0.9916,0.0381,0.993
0.452890156,-0.0342,0.9916,0.0379,0.993
0.455202864,-0.0362,0.9928,0.0401,0.994
0.457254166,-0.0347,0.9918,0.0408,0.993
0.459599687,-0.0379,0.9933,0.0418,0.995
0.461952031,-0.0411,0.9940,0.0423,0.996
0.464554895,-0.0418,0.9948,0.0418,0.997
0.467020781,-0.0401,0.9940,0.0408,0.996
0.469163749,-0.0376,0.9933,0.0393,0.995
0.471312812,-0.0347,0.9928,0.0379,0.994
0.473678906,-0.0345,0.9921,0.0369,0.993
0.476064687,-0.0342,0.9923,0.0359,0.994
0.478395937,-0.0340,0.9909,0.0352,0.992
0.480726562,-0.0335,0.9913,0.0362,0.993
0.483184322,-0.0335,0.9918,0.0367,0.993
0.486571354,-0.0345,0.9933,0.0379,0.995
0.488725677,-0.0354,0.9935,0.0391,0.995
0.490286249,-0.0376,0.9926,0.0381,0.994
0.492653281,-0.0384,0.9943,0.0384,0.996
0.495092447,-0.0411,0.9935,0.0386,0.995
0.497194531,-0.0420,0.9938,0.0371,0.995
0.499671302,-0.0401,0.9943,0.0359,0.996
0.502370885,-0.0376,0.9926,0.0354,0.994
0.504471354,-0.0364,0.9921,0.0364,0.993
0.506689166,-0.0352,0.9918,0.0362,0.993
0.509435572,-0.0337,0.9904,0.0362,0.992
0.511420781,-0.0320,0.9916,0.0347,0.993
0.513683437,-0.0313,0.9906,0.0335,0.992
0.516184791,-0.0325,0.9918,0.0332,0.993
0.518607812,-0.0357,0.9921,0.0327,0.993
0.520865104,-0.0374,0.9931,0.0327,0.994
0.523096249,-0.0384,0.9926,0.0332,0.994
0.525561562,-0.0391,0.9938,0.0337,0.995
0.527902604,-0.0411,0.9938,0.0332,0.995
0.530356666,-0.0393,0.9945,0.0330,0.996
0.532626458,-0.0389,0.9948,0.0347,0.996
0.535372343,-0.0379,0.9926,0.0340,0.994
0.537249166,-0.0364,0.9918,0.0330,0.993
0.539926562,-0.0352,0.9916,0.0327,0.993
0.541988697,-0.0349,0.9921,0.0332,0.993
0.544413333,-0.0327,0.9916,0.0330,0.993
0.547008697,-0.0332,0.9904,0.0315,0.991
0.549185468,-0.0349,0.9906,0.0303,0.992
0.551855468,-0.0362,0.9926,0.0310,0.994
0.554060624,-0.0367,0.9935,0.0315,0.995
0.55634302,-0.0371,0.9948,0.0310,0.996
0.558956666,-0.0398,0.9950,0.0323,0.996
0.561133281,-0.0423,0.9931,0.0332,0.995
0.563271406,-0.0401,0.9955,0.0323,0.997
0.565665468,-0.0371,0.9945,0.0342,0.996
0.568412499,-0.0359,0.9933,0.0342,0.995
0.570925104,-0.0357,0.9933,0.0335,0.995
0.572890312,-0.0347,0.9955,0.0335,0.997
0.575478385,-0.0335,0.9918,0.0308,0.993
0.577456249,-0.0325,0.9896,0.0310,0.991
0.579690312,-0.0335,0.9904,0.0303,0.991
0.581972135,-0.0332,0.9896,0.0310,0.991
0.586503854,-0.0342,0.9913,0.0315,0.992
0.586903489,-0.0364,0.9926,0.0310,0.994
0.589087395,-0.0389,0.9940,0.0323,0.995
0.591445833,-0.0411,0.9933,0.0320,0.995
0.594075416,-0.0391,0.9923,0.0332,0.994
0.59633427,-0.0406,0.9926,0.0342,0.994
0.598580624,-0.0389,0.9928,0.0340,0.994
0.600882447,-0.0364,0.9921,0.0349,0.993
0.603280781,-0.0357,0.9923,0.0342,0.994
0.605520364,-0.0345,0.9909,0.0335,0.992
0.607749999,-0.0327,0.9921,0.0332,0.993
0.610400989,-0.0323,0.9931,0.0332,0.994
0.612646614,-0.0320,0.9918,0.0327,0.993
0.615269843,-0.0330,0.9933,0.0325,0.994
0.617573541,-0.0352,0.9948,0.0332,0.996
0.619651354,-0.0364,0.9943,0.0345,0.996
0.621973749,-0.0376,0.9940,0.0349,0.995
0.624353333,-0.0391,0.9926,0.0357,0.994
0.626626666,-0.0384,0.9916,0.0349,0.993
0.629305676,-0.0379,0.9926,0.0367,0.994
0.631462708,-0.0374,0.9913,0.0362,0.993
0.634387447,-0.0362,0.9904,0.0345,0.992
0.636159374,-0.0359,0.9918,0.0362,0.993
0.638556249,-0.0342,0.9923,0.0347,0.994
0.640773645,-0.0337,0.9918,0.0345,0.993
0.643521926,-0.0342,0.9906,0.0342,0.992
0.64560651,-0.0335,0.9916,0.0337,0.993
0.647848749,-0.0349,0.9911,0.0342,0.992
0.651387031,-0.0369,0.9913,0.0340,0.993
0.65308026,-0.0367,0.9928,0.0354,0.994
0.655094531,-0.0396,0.9933,0.0359,0.995
0.657272916,-0.0403,0.9923,0.0371,0.994
0.659648541,-0.0401,0.9931,0.0376,0.995
0.662043229,-0.0393,0.9928,0.0393,0.994
0.664301197,-0.0364,0.9933,0.0398,0.995
0.666869999,-0.0347,0.9918,0.0401,0.993
0.669140208,-0.0354,0.9926,0.0393,0.994
0.671551666,-0.0342,0.9909,0.0391,0.992
0.673817239,-0.0332,0.9909,0.0376,0.992
0.675969062,-0.0323,0.9923,0.0362,0.994
0.678352239,-0.0330,0.9923,0.0376,0.994
0.680843333,-0.0327,0.9913,0.0379,0.993
0.68326526,-0.0362,0.9928,0.0379,0.994
0.686323541,-0.0379,0.9933,0.0393,0.995
0.688172656,-0.0369,0.9955,0.0393,0.997
0.690474062,-0.0384,0.9960,0.0411,0.998
0.692615676,-0.0398,0.9935,0.0418,0.995
0.695002812,-0.0396,0.9923,0.0408,0.994
0.697115416,-0.0381,0.9921,0.0415,0.994
0.699828437,-0.0352,0.9921,0.0408,0.994
0.702065156,-0.0337,0.9901,0.0408,0.992
0.70460651,-0.0332,0.9913,0.0406,0.993
0.70678776,-0.0342,0.9889,0.0396,0.990
0.709571718,-0.0352,0.9904,0.0403,0.992
0.711479426,-0.0345,0.9913,0.0406,0.993
0.713777083,-0.0359,0.9931,0.0413,0.995
0.716318385,-0.0367,0.9940,0.0420,0.996
0.718452708,-0.0369,0.9933,0.0425,0.995
0.720748541,-0.0386,0.9916,0.0423,0.993
0.723230364,-0.0381,0.9928,0.0428,0.994
0.725635104,-0.0393,0.9957,0.0428,0.997
0.728059114,-0.0389,0.9955,0.0442,0.997
0.730628593,-0.0381,0.9955,0.0432,0.997
0.732989635,-0.0367,0.9931,0.0432,0.995
0.735207499,-0.0345,0.9918,0.0413,0.993
0.737391874,-0.0327,0.9911,0.0415,0.993
0.739666874,-0.0325,0.9918,0.0415,0.993
0.741890624,-0.0337,0.9931,0.0418,0.995
0.744396926,-0.0357,0.9926,0.0437,0.994
0.74714526,-0.0362,0.9940,0.0432,0.996
0.749294843,-0.0374,0.9943,0.0425,0.996
0.751656666,-0.0379,0.9931,0.0430,0.995
0.75402776,-0.0386,0.9918,0.0442,0.994
0.756243958,-0.0389,0.9918,0.0440,0.994
0.758361926,-0.0396,0.9931,0.0437,0.995
0.760759791,-0.0384,0.9933,0.0442,0.995
0.763248072,-0.0369,0.9918,0.0442,0.994
0.76607927,-0.0381,0.9909,0.0445,0.993
0.76840927,-0.0357,0.9911,0.0430,0.993
0.770488645,-0.0357,0.9918,0.0415,0.993
0.773048333,-0.0335,0.9913,0.0418,0.993
0.775239687,-0.0337,0.9921,0.0401,0.993
0.777349166,-0.0347,0.9935,0.0411,0.995
0.77968302,-0.0354,0.9916,0.0428,0.993
0.782228437,-0.0381,0.9933,0.0425,0.995
0.786499687,-0.0369,0.9935,0.0425,0.995
0.786862968,-0.0374,0.9921,0.0430,0.994
0.789325051,-0.0386,0.9928,0.0447,0.995
0.791379374,-0.0389,0.9935,0.0447,0.995
0.793735156,-0.0389,0.9935,0.0447,0.995
0.796044843,-0.0384,0.9935,0.0440,0.995
0.798579114,-0.0364,0.9931,0.0428,0.995
0.800656874,-0.0337,0.9935,0.0413,0.995
0.803477343,-0.0335,0.9918,0.0420,0.993
0.805585364,-0.0345,0.9918,0.0415,0.993
0.807743281,-0.0340,0.9923,0.0411,0.994
0.810265728,-0.0335,0.9918,0.0398,0.993
0.812775937,-0.0359,0.9923,0.0408,0.994
0.815495937,-0.0371,0.9950,0.0420,0.997
0.817119947,-0.0367,0.9938,0.0420,0.995
0.819890728,-0.0381,0.9921,0.0425,0.994
0.822084478,-0.0369,0.9923,0.0435,0.994
0.824186458,-0.0374,0.9921,0.0423,0.994
0.826622968,-0.0369,0.9911,0.0425,0.993
0.828940937,-0.0381,0.9909,0.0408,0.992
0.831528228,-0.0359,0.9916,0.0401,0.993
0.833636145,-0.0354,0.9921,0.0379,0.993
0.836061458,-0.0347,0.9918,0.0386,0.993
0.838445468,-0.0349,0.9916,0.0391,0.993
0.840825156,-0.0349,0.9931,0.0386,0.994
0.843578645,-0.0354,0.9916,0.0386,0.993
0.84554927,-0.0367,0.9933,0.0384,0.995
0.847890989,-0.0376,0.9938,0.0396,0.995
0.850289374,-0.0379,0.9938,0.0393,0.995
0.852538228,-0.0384,0.9935,0.0393,0.995
0.854979583,-0.0389,0.9911,0.0396,0.993
0.857192864,-0.0379,0.9926,0.0411,0.994
0.860184791,-0.0376,0.9931,0.0389,0.995
0.862288593,-0.0369,0.9928,0.0371,0.994
0.864450312,-0.0354,0.9913,0.0362,0.993
0.866717447,-0.0352,0.9921,0.0371,0.993
0.869074583,-0.0335,0.9918,0.0354,0.993
0.871298541,-0.0335,0.9926,0.0354,0.994
0.87359927,-0.0335,0.9931,0.0369,0.994
0.876281614,-0.0345,0.9952,0.0364,0.997
0.878706249,-0.0352,0.9916,0.0374,0.993
0.880805885,-0.0371,0.9911,0.0379,0.993
0.883088906,-0.0364,0.9913,0.0362,0.993
0.88870552,-0.0389,0.9931,0.0367,0.994
0.889378489,-0.0384,0.9926,0.0362,0.994
0.891635624,-0.0369,0.9913,0.0354,0.993
0.892665468,-0.0362,0.9940,0.0354,0.995
0.895084999,-0.0342,0.9931,0.0359,0.994
0.897533124,-0.0352,0.9909,0.0357,0.992
0.89937276,-0.0347,0.9909,0.0349,0.992
0.901707916,-0.0337,0.9921,0.0357,0.993
0.904170051,-0.0340,0.9916,0.0325,0.993
0.906886093,-0.0354,0.9921,0.0345,0.993
0.908931874,-0.0369,0.9931,0.0352,0.994
0.91131651,-0.0364,0.9926,0.0340,0.994
0.914097343,-0.0364,0.9931,0.0335,0.994
0.916141249,-0.0376,0.9948,0.0347,0.996
0.918434166,-0.0384,0.9938,0.0325,0.995
0.920758437,-0.0364,0.9916,0.0327,0.993
0.923041978,-0.0362,0.9938,0.0337,0.995
0.925380624,-0.0362,0.9921,0.0340,0.993
0.927868437,-0.0357,0.9923,0.0342,0.994
0.930485572,-0.0345,0.9916,0.0337,0.993
0.932637083,-0.0340,0.9911,0.0342,0.992
0.935756197,-0.0325,0.9916,0.0345,0.993
0.937466406,-0.0332,0.9911,0.0332,0.992
0.939724999,-0.0347,0.9938,0.0327,0.995
0.941892291,-0.0357,0.9928,0.0327,0.994
0.944381718,-0.0357,0.9911,0.0323,0.992
0.946954583,-0.0367,0.9916,0.0342,0.993
0.949035364,-0.0374,0.9923,0.0342,0.994
0.951387343,-0.0367,0.9926,0.0330,0.994
0.953795103,-0.0371,0.9921,0.0340,0.993
0.955941405,-0.0367,0.9926,0.0330,0.994
0.958425833,-0.0369,0.9933,0.0325,0.995
0.960731301,-0.0332,0.9926,0.0318,0.994
0.963375051,-0.0347,0.9911,0.0306,0.992
0.965318697,-0.0349,0.9918,0.0327,0.993
0.967786353,-0.0352,0.9926,0.0310,0.994
0.970443541,-0.0357,0.9931,0.0315,0.994
0.972834947,-0.0357,0.9938,0.0340,0.995
0.975049843,-0.0374,0.9935,0.0337,0.995
0.977293124,-0.0362,0.9933,0.0330,0.995
0.979853437,-0.0354,0.9943,0.0347,0.996
0.982094739,-0.0371,0.9911,0.0345,0.992
0.984408489,-0.0364,0.9918,0.0327,0.993
0.98666328,-0.0364,0.9921,0.0325,0.993
0.988849999,-0.0367,0.9938,0.0332,0.995
0.991270103,-0.0362,0.9928,0.0340,0.994
0.995414947,-0.0352,0.9913,0.0335,0.993
0.996360364,-0.0325,0.9913,0.0349,0.992
0.998552812,-0.0342,0.9926,0.0347,0.994
1.000737499,-0.0359,0.9931,0.0354,0.994
1.002929218,-0.0354,0.9904,0.0337,0.992
1.005233437,-0.0364,0.9911,0.0345,0.992
1.007634426,-0.0362,0.9913,0.0332,0.993
1.010166926,-0.0345,0.9911,0.0354,0.992
1.012708593,-0.0381,0.9926,0.0359,0.994
1.014908437,-0.0371,0.9952,0.0354,0.997
1.017016666,-0.0364,0.9933,0.0352,0.995
1.019500624,-0.0376,0.9940,0.0364,0.995
1.02199927,-0.0379,0.9918,0.0357,0.993
1.02433677,-0.0359,0.9904,0.0362,0.992
1.026686874,-0.0349,0.9909,0.0357,0.992
1.029428228,-0.0330,0.9921,0.0352,0.993
1.031460624,-0.0335,0.9926,0.0362,0.994
1.033661874,-0.0347,0.9913,0.0362,0.993
1.035887135,-0.0347,0.9896,0.0364,0.991
1.038300937,-0.0340,0.9911,0.0369,0.992
1.040610103,-0.0349,0.9901,0.0369,0.991
1.043095312,-0.0367,0.9928,0.0369,0.994
1.045616562,-0.0369,0.9938,0.0384,0.995
1.047860676,-0.0357,0.9931,0.0371,0.994
1.050254426,-0.0349,0.9916,0.0371,0.993
1.05256776,-0.0357,0.9913,0.0391,0.993
1.055092395,-0.0352,0.9933,0.0393,0.995
1.057301301,-0.0349,0.9923,0.0391,0.994
1.059468645,-0.0371,0.9926,0.0374,0.994
1.062077187,-0.0362,0.9921,0.0379,0.993
1.064205051,-0.0357,0.9913,0.0379,0.993
1.066728437,-0.0345,0.9921,0.0374,0.993
1.068961666,-0.0349,0.9921,0.0389,0.993
1.071464791,-0.0357,0.9933,0.0381,0.995
1.073681249,-0.0349,0.9933,0.0386,0.995
1.075879843,-0.0367,0.9923,0.0408,0.994
1.078559635,-0.0362,0.9928,0.0428,0.994
1.080794374,-0.0367,0.9921,0.0413,0.994
1.082973541,-0.0374,0.9926,0.0411,0.994
1.087970728,-0.0362,0.9933,0.0398,0.995
1.088444791,-0.0357,0.9933,0.0396,0.995
1.09035901,-0.0364,0.9938,0.0396,0.995
1.092580572,-0.0349,0.9933,0.0411,0.995
1.095417135,-0.0354,0.9933,0.0408,0.995
1.097256093,-0.0327,0.9923,0.0401,0.994
1.099342239,-0.0347,0.9928,0.0415,0.994
1.101779583,-0.0374,0.9926,0.0425,0.994
1.104314062,-0.0381,0.9928,0.0430,0.994
1.106608645,-0.0379,0.9931,0.0428,0.995
1.108793333,-0.0367,0.9921,0.0425,0.994
1.111432239,-0.0374,0.9923,0.0432,0.994
1.113805833,-0.0374,0.9926,0.0442,0.994
1.115877655,-0.0369,0.9923,0.0430,0.994
1.118373385,-0.0362,0.9926,0.0425,0.994
1.120612187,-0.0376,0.9928,0.0428,0.994
1.123114635,-0.0379,0.9913,0.0420,0.993
1.125259374,-0.0369,0.9931,0.0428,0.995
1.127886249,-0.0362,0.9916,0.0428,0.993
1.13007302,-0.0362,0.9931,0.0428,0.995
1.132323749,-0.0362,0.9933,0.0432,0.995
1.134939478,-0.0369,0.9916,0.0420,0.993
1.137136301,-0.0371,0.9913,0.0430,0.993
1.139538697,-0.0367,0.9923,0.0425,0.994
1.141863489,-0.0381,0.9911,0.0423,0.993
1.144535103,-0.0371,0.9923,0.0430,0.994
1.146796197,-0.0362,0.9923,0.0432,0.994
1.149079999,-0.0349,0.9948,0.0447,0.996
1.151277916,-0.0340,0.9950,0.0440,0.997
1.153600312,-0.0364,0.9952,0.0437,0.997
1.155868958,-0.0364,0.9938,0.0432,0.995
1.15838026,-0.0347,0.9918,0.0413,0.993
1.160997447,-0.0352,0.9913,0.0425,0.993
1.163174374,-0.0352,0.9906,0.0411,0.992
1.165310364,-0.0349,0.9913,0.0425,0.993
1.16758578,-0.0342,0.9918,0.0432,0.993
1.170111822,-0.0345,0.9933,0.0418,0.995
1.172452343,-0.0364,0.9933,0.0413,0.995
1.174952864,-0.0364,0.9923,0.0415,0.994
1.177646926,-0.0352,0.9938,0.0418,0.995
1.179913072,-0.0362,0.9940,0.0423,0.996
1.181850989,-0.0369,0.9940,0.0418,0.996
1.184221301,-0.0364,0.9945,0.0415,0.996
1.186547864,-0.0362,0.9931,0.0415,0.995
1.188789374,-0.0364,0.9906,0.0415,0.992
1.191077135,-0.0357,0.9909,0.0415,0.992
1.193651301,-0.0364,0.9940,0.0401,0.996
1.19634151,-0.0357,0.9923,0.0403,0.994
1.198894478,-0.0364,0.9938,0.0401,0.995
1.20062927,-0.0391,0.9926,0.0401,0.994
1.203243905,-0.0381,0.9916,0.0406,0.993
1.20551078,-0.0379,0.9926,0.0408,0.994
1.207686093,-0.0376,0.9935,0.0425,0.995
1.210514114,-0.0391,0.9931,0.0425,0.995
1.212333853,-0.0396,0.9913,0.0406,0.993
1.214968124,-0.0379,0.9926,0.0411,0.994
1.217338541,-0.0384,0.9928,0.0403,0.994
1.219621405,-0.0374,0.9933,0.0396,0.995
1.222460832,-0.0342,0.9928,0.0403,0.994
1.224265468,-0.0357,0.9928,0.0396,0.994
1.226766457,-0.0359,0.9916,0.0391,0.993
1.228871614,-0.0345,0.9926,0.0384,0.994
1.231229374,-0.0362,0.9928,0.0396,0.994
1.233722187,-0.0364,0.9935,0.0389,0.995
1.236071145,-0.0354,0.9931,0.0374,0.994
1.238290728,-0.0367,0.9921,0.0381,0.993
1.240577343,-0.0364,0.9928,0.0391,0.994
1.243125155,-0.0376,0.9923,0.0376,0.994
1.245574374,-0.0374,0.9935,0.0369,0.995
1.247799739,-0.0354,0.9928,0.0374,0.994
1.250477447,-0.0369,0.9928,0.0384,0.994
1.252471822,-0.0364,0.9938,0.0371,0.995
1.255602395,-0.0345,0.9918,0.0371,0.993
1.257245676,-0.0359,0.9921,0.0357,0.993
1.259585885,-0.0349,0.9918,0.0359,0.993
1.261771093,-0.0340,0.9923,0.0349,0.994
1.264078489,-0.0359,0.9938,0.0352,0.995
1.266724478,-0.0349,0.9916,0.0364,0.993
1.269059218,-0.0357,0.9921,0.0379,0.993
1.271168957,-0.0359,0.9921,0.0347,0.993
1.273638801,-0.0367,0.9916,0.0347,0.993
1.275938801,-0.0364,0.9923,0.0347,0.994
1.278281978,-0.0371,0.9918,0.0342,0.993
1.28055026,-0.0367,0.9935,0.0359,0.995
1.282898801,-0.0357,0.9943,0.0354,0.996
1.285189478,-0.0342,0.9926,0.0362,0.994
1.292743645,-0.0354,0.9921,0.0352,0.993
1.293369062,-0.0357,0.9921,0.0327,0.993
1.293600885,-0.0340,0.9921,0.0342,0.993
1.297388697,-0.0349,0.9928,0.0330,0.994
1.297812707,-0.0357,0.9931,0.0337,0.994
1.299321301,-0.0342,0.9945,0.0332,0.996
1.301610676,-0.0359,0.9948,0.0330,0.996
1.303989999,-0.0374,0.9948,0.0352,0.996
1.306821978,-0.0374,0.9928,0.0347,0.994
1.30891677,-0.0381,0.9931,0.0342,0.994
1.311486145,-0.0364,0.9926,0.0337,0.994
1.313612082,-0.0359,0.9940,0.0354,0.995
1.315888905,-0.0349,0.9928,0.0337,0.994
1.318203593,-0.0357,0.9926,0.0315,0.994
1.320632916,-0.0367,0.9918,0.0320,0.993
1.323039478,-0.0349,0.9918,0.0335,0.993
1.325514687,-0.0330,0.9931,0.0327,0.994
1.328313385,-0.0349,0.9921,0.0318,0.993
1.330436405,-0.0362,0.9928,0.0303,0.994
1.332547135,-0.0347,0.9933,0.0315,0.994
1.334979478,-0.0362,0.9948,0.0330,0.996
1.33707828,-0.0374,0.9913,0.0313,0.993
1.339449843,-0.0374,0.9926,0.0337,0.994
1.34197578,-0.0386,0.9921,0.0332,0.993
1.344512499,-0.0376,0.9926,0.0330,0.994
1.34660453,-0.0374,0.9918,0.0335,0.993
1.349223124,-0.0371,0.9911,0.0330,0.992
1.351387291,-0.0371,0.9913,0.0323,0.993
1.35382401,-0.0362,0.9926,0.0340,0.994
1.355828905,-0.0359,0.9923,0.0335,0.994
1.358505885,-0.0354,0.9938,0.0323,0.995
1.36045203,-0.0362,0.9923,0.0330,0.994
1.363000989,-0.0362,0.9923,0.0335,0.994
1.365187812,-0.0357,0.9928,0.0330,0.994
1.367653853,-0.0367,0.9923,0.0345,0.994
1.370061353,-0.0364,0.9923,0.0357,0.994
1.372224062,-0.0364,0.9935,0.0354,0.995
1.375259218,-0.0359,0.9926,0.0354,0.994
1.376910103,-0.0364,0.9931,0.0349,0.994
1.379702447,-0.0371,0.9938,0.0349,0.995
1.381772447,-0.0357,0.9928,0.0342,0.994
1.384005312,-0.0362,0.9928,0.0332,0.994
1.389691614,-0.0359,0.9921,0.0337,0.993
1.390215624,-0.0359,0.9940,0.0335,0.995
1.391798697,-0.0357,0.9931,0.0340,0.994
1.393525937,-0.0359,0.9940,0.0345,0.995
1.395840468,-0.0379,0.9945,0.0362,0.996
1.398177395,-0.0369,0.9933,0.0359,0.995
1.400510051,-0.0357,0.9916,0.0354,0.993
1.402976353,-0.0354,0.9926,0.0345,0.994
1.405436874,-0.0364,0.9923,0.0354,0.994
1.40784203,-0.0371,0.9935,0.0371,0.995
1.410168332,-0.0374,0.9928,0.0371,0.994
1.412365624,-0.0364,0.9928,0.0362,0.994
1.415130937,-0.0367,0.9940,0.0374,0.995
1.417027759,-0.0345,0.9933,0.0376,0.995
1.419455312,-0.0352,0.9916,0.0389,0.993
1.421784895,-0.0349,0.9921,0.0371,0.993
1.424453228,-0.0357,0.9913,0.0357,0.993
1.426639322,-0.0359,0.9921,0.0359,0.993
1.428951249,-0.0371,0.9935,0.0364,0.995
1.431238541,-0.0379,0.9899,0.0367,0.991
1.433599374,-0.0381,0.9921,0.0389,0.994
1.435775155,-0.0379,0.9928,0.0398,0.994
1.438499322,-0.0374,0.9906,0.0386,0.992
1.44088453,-0.0357,0.9911,0.0386,0.992
1.442990676,-0.0345,0.9918,0.0384,0.993
1.445436978,-0.0347,0.9928,0.0398,0.994
1.447637343,-0.0357,0.9928,0.0403,0.994
1.450145624,-0.0369,0.9923,0.0396,0.994
1.452375728,-0.0349,0.9928,0.0398,0.994
1.455029166,-0.0335,0.9921,0.0386,0.993
1.457487603,-0.0357,0.9928,0.0389,0.994
1.459244009,-0.0367,0.9935,0.0386,0.995
1.462059999,-0.0371,0.9928,0.0406,0.994
1.463979999,-0.0362,0.9921,0.0411,0.994
1.466635572,-0.0369,0.9921,0.0408,0.994
1.468783645,-0.0371,0.9909,0.0408,0.992
1.471161874,-0.0374,0.9935,0.0403,0.995
1.473623957,-0.0389,0.9957,0.0411,0.997
1.475787239,-0.0381,0.9957,0.0406,0.997
1.478932187,-0.0376,0.9970,0.0413,0.999
1.480833384,-0.0364,0.9940,0.0406,0.996
1.483022447,-0.0359,0.9945,0.0413,0.996
1.485252551,-0.0359,0.9950,0.0413,0.997
1.487709478,-0.0369,0.9933,0.0413,0.995
1.490322916,-0.0362,0.9933,0.0418,0.995
1.492392291,-0.0362,0.9923,0.0430,0.994
1.49900453,-0.0367,0.9913,0.0420,0.993
1.499691301,-0.0376,0.9931,0.0425,0.995
1.500141666,-0.0389,0.9945,0.0440,0.996
1.502607499,-0.0367,0.9940,0.0423,0.996
1.505448853,-0.0393,0.9931,0.0430,0.995
1.506647447,-0.0401,0.9926,0.0425,0.994
1.50852302,-0.0371,0.9926,0.0432,0.994
1.510886457,-0.0374,0.9948,0.0408,0.996
1.513260416,-0.0376,0.9945,0.0408,0.996
1.515651145,-0.0371,0.9935,0.0418,0.995
1.517954687,-0.0364,0.9935,0.0420,0.995
1.520304843,-0.0376,0.9935,0.0423,0.995
1.523219791,-0.0376,0.9935,0.0420,0.995
1.525052239,-0.0381,0.9931,0.0423,0.995
1.527425416,-0.0379,0.9931,0.0406,0.995
1.529711822,-0.0381,0.9928,0.0415,0.994
1.532157759,-0.0381,0.9938,0.0420,0.995
1.534584426,-0.0389,0.9923,0.0425,0.994
1.537263645,-0.0393,0.9935,0.0437,0.995
1.539345728,-0.0359,0.9928,0.0442,0.994
1.541519739,-0.0367,0.9921,0.0435,0.994
1.54385927,-0.0367,0.9926,0.0428,0.994
1.54641578,-0.0364,0.9931,0.0428,0.995
1.54861078,-0.0371,0.9931,0.0415,0.995
1.550988957,-0.0354,0.9933,0.0418,0.995
1.554212551,-0.0362,0.9916,0.0432,0.993
1.556431874,-0.0345,0.9918,0.0411,0.993
1.55827703,-0.0347,0.9931,0.0403,0.994
1.560324114,-0.0359,0.9911,0.0401,0.993
1.562803384,-0.0364,0.9901,0.0401,0.992
1.565093593,-0.0376,0.9911,0.0413,0.993
1.567448384,-0.0389,0.9928,0.0415,0.994
1.569791666,-0.0406,0.9940,0.0406,0.996
1.572211562,-0.0371,0.9933,0.0415,0.995
1.574770103,-0.0354,0.9933,0.0413,0.995
1.576811457,-0.0357,0.9921,0.0408,0.994
1.57936177,-0.0354,0.9921,0.0403,0.994
1.581512551,-0.0349,0.9928,0.0391,0.994
1.583869322,-0.0352,0.9921,0.0384,0.993
1.586574426,-0.0354,0.9921,0.0411,0.994
1.588759166,-0.0357,0.9931,0.0408,0.995
1.591047759,-0.0362,0.9918,0.0398,0.993
1.593338957,-0.0367,0.9923,0.0398,0.994
1.599085416,-0.0364,0.9948,0.0391,0.996
1.599787134,-0.0362,0.9948,0.0389,0.996
1.600263697,-0.0369,0.9928,0.0381,0.994
1.602674999,-0.0389,0.9931,0.0389,0.995
1.605411614,-0.0381,0.9928,0.0393,0.994
1.607293905,-0.0389,0.9918,0.0379,0.993
1.609690572,-0.0386,0.9916,0.0359,0.993
1.612121666,-0.0379,0.9899,0.0376,0.991
1.614463332,-0.0371,0.9913,0.0374,0.993
1.616636822,-0.0367,0.9916,0.0371,0.993
1.619187291,-0.0369,0.9923,0.0379,0.994
1.621702343,-0.0364,0.9931,0.0376,0.994
1.624470416,-0.0367,0.9945,0.0376,0.996
1.626462759,-0.0364,0.9938,0.0379,0.995
1.628592916,-0.0374,0.9918,0.0376,0.993
1.630978749,-0.0367,0.9923,0.0376,0.994
1.633264686,-0.0376,0.9938,0.0364,0.995
1.635537811,-0.0369,0.9933,0.0369,0.995
1.638035364,-0.0362,0.9935,0.0369,0.995
1.640348697,-0.0376,0.9931,0.0362,0.994
1.642643384,-0.0381,0.9923,0.0357,0.994
1.645093436,-0.0376,0.9926,0.0352,0.994
1.647367707,-0.0386,0.9931,0.0352,0.994
1.649844061,-0.0376,0.9935,0.0352,0.995
1.652050832,-0.0374,0.9923,0.0349,0.994
1.654616926,-0.0393,0.9926,0.0345,0.994
1.656865155,-0.0393,0.9940,0.0347,0.995
1.659210624,-0.0389,0.9943,0.0347,0.996
1.661440207,-0.0381,0.9935,0.0352,0.995
1.663826405,-0.0367,0.9926,0.0354,0.994
1.666450364,-0.0357,0.9931,0.0347,0.994
1.668571457,-0.0362,0.9918,0.0345,0.993
1.671122551,-0.0371,0.9935,0.0347,0.995
1.673166822,-0.0349,0.9923,0.0340,0.994
1.675531249,-0.0371,0.9921,0.0347,0.993
1.67789203,-0.0357,0.9938,0.0337,0.995
1.68042927,-0.0364,0.9931,0.0352,0.994
1.682946457,-0.0359,0.9926,0.0332,0.994
1.684991718,-0.0354,0.9923,0.0335,0.994
1.691122186,-0.0359,0.9918,0.0332,0.993
1.691788332,-0.0349,0.9931,0.0332,0.994
1.692246041,-0.0374,0.9938,0.0335,0.995
1.695127551,-0.0364,0.9926,0.0335,0.994
1.699332603,-0.0354,0.9943,0.0337,0.995
1.69993177,-0.0362,0.9948,0.0332,0.996
1.701484009,-0.0384,0.9938,0.0340,0.995
1.704399999,-0.0369,0.9923,0.0335,0.994
1.706520416,-0.0367,0.9940,0.0337,0.995
1.708427916,-0.0357,0.9926,0.0332,0.994
1.710747291,-0.0362,0.9926,0.0332,0.994
1.713142655,-0.0376,0.9933,0.0318,0.995
1.715759634,-0.0379,0.9921,0.0318,0.993
1.717969166,-0.0371,0.9918,0.0345,0.993
1.720350364,-0.0367,0.9928,0.0327,0.994
1.722905728,-0.0367,0.9940,0.0330,0.995
1.724987395,-0.0371,0.9948,0.0345,0.996
1.727478489,-0.0371,0.9935,0.0337,0.995
1.729682239,-0.0367,0.9943,0.0325,0.995
1.732133384,-0.0393,0.9950,0.0325,0.996
1.734451041,-0.0386,0.9940,0.0332,0.995
1.736766145,-0.0376,0.9928,0.0325,0.994
1.739143228,-0.0362,0.9923,0.0330,0.994
1.741384218,-0.0367,0.9926,0.0332,0.994
1.74378953,-0.0362,0.9926,0.0335,0.994
1.746365468,-0.0362,0.9928,0.0330,0.994
1.74877578,-0.0367,0.9921,0.0327,0.993
1.750854999,-0.0359,0.9921,0.0345,0.993
1.753327239,-0.0364,0.9933,0.0345,0.995
1.755651926,-0.0384,0.9926,0.0337,0.994
1.757978697,-0.0376,0.9931,0.0347,0.994
1.760377603,-0.0369,0.9921,0.0347,0.993
1.763180572,-0.0376,0.9935,0.0342,0.995
1.765088176,-0.0384,0.9933,0.0345,0.995
1.767433176,-0.0384,0.9948,0.0352,0.996
1.769708072,-0.0381,0.9921,0.0357,0.993
1.772159634,-0.0364,0.9933,0.0367,0.995
1.774634061,-0.0362,0.9928,0.0369,0.994
1.776776353,-0.0359,0.9928,0.0359,0.994
1.779943124,-0.0359,0.9938,0.0349,0.995
1.781475572,-0.0354,0.9935,0.0354,0.995
1.783731249,-0.0364,0.9918,0.0369,0.993
1.786418489,-0.0367,0.9916,0.0369,0.993
1.78850453,-0.0369,0.9926,0.0367,0.994
1.790984478,-0.0364,0.9931,0.0369,0.994
1.793165572,-0.0364,0.9931,0.0362,0.994
1.795693072,-0.0371,0.9933,0.0369,0.995
1.800336822,-0.0359,0.9943,0.0371,0.996
1.801057499,-0.0367,0.9948,0.0367,0.996
1.803546874,-0.0369,0.9943,0.0369,0.996
1.805766093,-0.0391,0.9945,0.0376,0.996
1.807211353,-0.0379,0.9948,0.0371,0.996
1.80966052,-0.0376,0.9935,0.0379,0.995
1.811881666,-0.0384,0.9928,0.0376,0.994
1.814533489,-0.0376,0.9921,0.0384,0.994
1.816485572,-0.0362,0.9926,0.0398,0.994
1.819279686,-0.0379,0.9918,0.0396,0.993
1.821536041,-0.0374,0.9916,0.0391,0.993
1.82378203,-0.0354,0.9916,0.0384,0.993
1.826256509,-0.0357,0.9923,0.0389,0.994
1.828407811,-0.0362,0.9931,0.0386,0.994
1.830799426,-0.0374,0.9918,0.0384,0.993
1.833175103,-0.0354,0.9923,0.0384,0.994
1.835538332,-0.0364,0.9921,0.0401,0.994
1.838268072,-0.0367,0.9926,0.0401,0.994
1.84029802,-0.0369,0.9926,0.0413,0.994
1.842590363,-0.0364,0.9931,0.0430,0.995
1.844934686,-0.0354,0.9933,0.0411,0.995
1.847276145,-0.0376,0.9938,0.0425,0.995
1.849599374,-0.0379,0.9926,0.0401,0.994
1.852118228,-0.0371,0.9928,0.0391,0.994
1.855009113,-0.0359,0.9931,0.0398,0.994
1.857007186,-0.0362,0.9931,0.0406,0.995
1.859201509,-0.0371,0.9935,0.0408,0.995
1.861422447,-0.0364,0.9921,0.0413,0.994
1.86384953,-0.0371,0.9926,0.0420,0.994
1.866315311,-0.0369,0.9931,0.0415,0.995
1.868539374,-0.0369,0.9931,0.0403,0.995
1.870974582,-0.0369,0.9935,0.0413,0.995
1.873174738,-0.0362,0.9935,0.0418,0.995
1.875594686,-0.0359,0.9933,0.0413,0.995
1.877794999,-0.0379,0.9938,0.0420,0.995
1.880317655,-0.0379,0.9916,0.0425,0.993
1.882608541,-0.0367,0.9911,0.0425,0.993
1.884939322,-0.0391,0.9906,0.0423,0.992
1.887255051,-0.0381,0.9918,0.0432,0.994
1.89164302,-0.0389,0.9928,0.0423,0.994
1.892316822,-0.0398,0.9928,0.0423,0.995
1.895675832,-0.0371,0.9931,0.0413,0.995
1.898534061,-0.0386,0.9931,0.0408,0.995
1.899037811,-0.0376,0.9945,0.0418,0.996
1.901494374,-0.0374,0.9935,0.0435,0.995
1.903699947,-0.0376,0.9928,0.0428,0.994
1.906171926,-0.0369,0.9928,0.0408,0.994
1.908480311,-0.0367,0.9923,0.0403,0.994
1.910669582,-0.0367,0.9923,0.0423,0.994
1.913232291,-0.0371,0.9933,0.0425,0.995
1.915533749,-0.0376,0.9928,0.0420,0.994
1.917938332,-0.0374,0.9891,0.0423,0.991
1.920125936,-0.0362,0.9906,0.0425,0.992
1.922600936,-0.0376,0.9921,0.0413,0.994
1.924909738,-0.0369,0.9928,0.0425,0.994
1.927289582,-0.0367,0.9931,0.0408,0.995
1.930380207,-0.0364,0.9940,0.0408,0.996
1.932480207,-0.0362,0.9923,0.0408,0.994
1.934767134,-0.0352,0.9935,0.0420,0.995
1.936661613,-0.0367,0.9938,0.0423,0.995
1.939030676,-0.0364,0.9923,0.0428,0.994
1.94134953,-0.0362,0.9933,0.0418,0.995
1.943662134,-0.0359,0.9943,0.0406,0.996
1.94603203,-0.0362,0.9943,0.0413,0.996
1.948407395,-0.0379,0.9940,0.0401,0.996
1.951041249,-0.0374,0.9948,0.0403,0.996
1.953119322,-0.0364,0.9926,0.0403,0.994
1.955443176,-0.0359,0.9940,0.0403,0.995
1.957989947,-0.0367,0.9916,0.0425,0.993
1.96020177,-0.0364,0.9928,0.0418,0.994
1.962585207,-0.0367,0.9911,0.0401,0.993
1.964887238,-0.0367,0.9916,0.0403,0.993
1.96732578,-0.0364,0.9933,0.0408,0.995
1.96960552,-0.0364,0.9938,0.0396,0.995
1.971946249,-0.0374,0.9955,0.0393,0.997
1.97449328,-0.0384,0.9955,0.0398,0.997
1.976641509,-0.0379,0.9943,0.0393,0.996
1.979023384,-0.0374,0.9928,0.0403,0.994
1.981549166,-0.0381,0.9935,0.0432,0.995
1.98403328,-0.0403,0.9931,0.0440,0.995
1.98639578,-0.0413,0.9921,0.0437,0.994
1.992361301,-0.0413,0.9938,0.0467,0.996
1.993044009,-0.0440,0.9933,0.0508,0.996
1.993494947,-0.0450,0.9940,0.0537,0.996
1.996187968,-0.0474,0.9945,0.0537,0.997
2.000151093,-0.0486,0.9935,0.0494,0.996
2.000810311,-0.0498,0.9933,0.0445,0.996
2.002530207,-0.0484,0.9911,0.0376,0.993
2.005158436,-0.0462,0.9904,0.0342,0.992
2.007419999,-0.0435,0.9901,0.0318,0.992
2.009520051,-0.0428,0.9894,0.0359,0.991
2.012082291,-0.0442,0.9891,0.0430,0.991
2.01458703,-0.0484,0.9904,0.0503,0.993
2.016881353,-0.0537,0.9906,0.0557,0.994
2.018988645,-0.0586,0.9923,0.0606,0.996
2.021492655,-0.0625,0.9935,0.0613,0.997
2.023811457,-0.0664,0.9943,0.0579,0.998
2.026297759,-0.0674,0.9943,0.0530,0.998
2.028398905,-0.0660,0.9928,0.0489,0.996
2.030758124,-0.0630,0.9931,0.0440,0.996
2.033549582,-0.0606,0.9913,0.0428,0.994
2.035529999,-0.0567,0.9913,0.0428,0.994
2.037823228,-0.0523,0.9889,0.0430,0.991
2.040157655,-0.0520,0.9889,0.0440,0.991
2.042529426,-0.0515,0.9879,0.0450,0.990
2.045021926,-0.0530,0.9884,0.0454,0.991
2.047312551,-0.0550,0.9909,0.0457,0.993
2.049631613,-0.0613,0.9904,0.0459,0.993
2.051930415,-0.0655,0.9913,0.0479,0.995
2.05467703,-0.0667,0.9938,0.0462,0.997
2.056736457,-0.0672,0.9950,0.0464,0.998
2.059081926,-0.0672,0.9943,0.0454,0.998
2.061290103,-0.0652,0.9940,0.0454,0.997
2.064020676,-0.0618,0.9923,0.0440,0.995
2.06647703,-0.0569,0.9901,0.0430,0.993
2.068535884,-0.0530,0.9904,0.0403,0.993
2.070697603,-0.0491,0.9894,0.0389,0.991
2.073219843,-0.0474,0.9909,0.0384,0.993
2.075450832,-0.0479,0.9896,0.0371,0.991
2.077829634,-0.0467,0.9874,0.0254,0.989
2.080617186,-0.0489,0.9909,0.0259,0.992
2.082764582,-0.0506,0.9894,0.0315,0.991
2.084898853,-0.0559,0.9948,0.0357,0.997
2.087229426,-0.0603,0.9977,0.0362,1.000
2.089708593,-0.0616,0.9957,0.0406,0.998
2.091998957,-0.0630,0.9952,0.0406,0.998
2.094551874,-0.0618,0.9938,0.0364,0.996
2.097235311,-0.0589,0.9918,0.0345,0.994
2.101708853,-0.0530,0.9904,0.0332,0.992
2.102607082,-0.0464,0.9894,0.0313,0.991
2.105555936,-0.0420,0.9909,0.0276,0.992
2.108525884,-0.0381,0.9918,0.0249,0.993
2.108965363,-0.0364,0.9887,0.0247,0.990
2.111090936,-0.0364,0.9896,0.0239,0.991
2.113005832,-0.0389,0.9884,0.0242,0.989
2.11539427,-0.0435,0.9911,0.0234,0.992
2.117598384,-0.0454,0.9931,0.0249,0.994
2.120000884,-0.0486,0.9933,0.0244,0.995
2.122642134,-0.0489,0.9928,0.0249,0.994
2.124806718,-0.0506,0.9940,0.0264,0.996
2.127169113,-0.0489,0.9940,0.0271,0.996
2.129467447,-0.0452,0.9935,0.0288,0.995
2.131941926,-0.0418,0.9948,0.0261,0.996
2.13432552,-0.0367,0.9911,0.0244,0.992
2.136486978,-0.0335,0.9913,0.0225,0.992
2.13927677,-0.0310,0.9909,0.0198,0.992
2.14128302,-0.0306,0.9894,0.0166,0.990
2.143600415,-0.0301,0.9901,0.0132,0.991
2.146050103,-0.0340,0.9904,0.0137,0.991
2.148501718,-0.0357,0.9933,0.0161,0.994
2.150700103,-0.0396,0.9933,0.0188,0.994
2.153034582,-0.0418,0.9943,0.0198,0.995
2.155942655,-0.0452,0.9950,0.0222,0.996
2.158001249,-0.0457,0.9945,0.0247,0.996
2.160154843,-0.0413,0.9933,0.0230,0.994
2.162568332,-0.0384,0.9943,0.0210,0.995
2.164898488,-0.0354,0.9940,0.0186,0.995
2.167131405,-0.0340,0.9923,0.0159,0.993
2.169392447,-0.0306,0.9926,0.0149,0.993
2.171830103,-0.0303,0.9889,0.0129,0.989
2.174500051,-0.0310,0.9887,0.0151,0.989
2.176576457,-0.0315,0.9918,0.0171,0.992
2.178859374,-0.0342,0.9916,0.0181,0.992
2.181373905,-0.0357,0.9923,0.0181,0.993
2.183723384,-0.0376,0.9935,0.0210,0.994
2.186174061,-0.0411,0.9935,0.0210,0.995
2.188464113,-0.0425,0.9945,0.0210,0.996
2.192914113,-0.0428,0.9948,0.0200,0.996
2.193598593,-0.0401,0.9938,0.0190,0.995
2.195934426,-0.0389,0.9926,0.0198,0.994
2.199731874,-0.0364,0.9923,0.0203,0.993
2.200246613,-0.0335,0.9909,0.0203,0.992
2.20260302,-0.0318,0.9901,0.0208,0.991
2.204626405,-0.0306,0.9921,0.0215,0.993
2.20698729,-0.0313,0.9928,0.0217,0.994
2.20933453,-0.0323,0.9926,0.0227,0.993
2.211861665,-0.0347,0.9916,0.0237,0.992
2.214618905,-0.0369,0.9935,0.0239,0.995
2.216767603,-0.0411,0.9940,0.0254,0.995
2.218882968,-0.0425,0.9931,0.0249,0.994
2.221221561,-0.0420,0.9950,0.0271,0.996
2.223658697,-0.0408,0.9948,0.0264,0.996
2.226201301,-0.0386,0.9943,0.0271,0.995
2.228414686,-0.0374,0.9928,0.0269,0.994
2.231177134,-0.0362,0.9916,0.0298,0.993
2.233313332,-0.0327,0.9923,0.0310,0.993
2.235342447,-0.0325,0.9904,0.0313,0.991
2.237678228,-0.0315,0.9918,0.0308,0.993
2.240076665,-0.0318,0.9918,0.0303,0.993
2.242602238,-0.0337,0.9933,0.0327,0.994
2.244797134,-0.0354,0.9926,0.0342,0.994
2.247856301,-0.0389,0.9923,0.0359,0.994
2.249756301,-0.0406,0.9940,0.0359,0.996
2.251955676,-0.0432,0.9962,0.0364,0.998
2.25424604,-0.0428,0.9960,0.0398,0.998
2.256560572,-0.0440,0.9943,0.0415,0.996
2.258856718,-0.0423,0.9926,0.0418,0.994
2.261184009,-0.0391,0.9916,0.0430,0.993
2.263660936,-0.0369,0.9909,0.0457,0.993
2.266097134,-0.0325,0.9899,0.0464,0.991
2.268326717,-0.0325,0.9906,0.0462,0.992
2.270689165,-0.0327,0.9916,0.0447,0.993
2.272995884,-0.0352,0.9933,0.0457,0.995
2.275400988,-0.0362,0.9918,0.0464,0.994
2.277691145,-0.0374,0.9918,0.0476,0.994
2.280299165,-0.0411,0.9928,0.0511,0.995
2.282480311,-0.0440,0.9931,0.0530,0.995
2.284727967,-0.0445,0.9928,0.0559,0.995
2.287056092,-0.0430,0.9948,0.0564,0.997
2.292874061,-0.0413,0.9952,0.0577,0.998
2.29352604,-0.0403,0.9938,0.0567,0.996
2.294328488,-0.0403,0.9921,0.0569,0.995
2.297485155,-0.0386,0.9904,0.0567,0.993
2.300875259,-0.0371,0.9909,0.0569,0.993
2.301371092,-0.0374,0.9901,0.0562,0.992
2.30363953,-0.0364,0.9911,0.0572,0.993
2.306181457,-0.0371,0.9916,0.0569,0.994
2.308253697,-0.0384,0.9918,0.0581,0.994
2.310486353,-0.0411,0.9933,0.0606,0.996
2.312909634,-0.0428,0.9940,0.0630,0.997
2.315371092,-0.0447,0.9955,0.0630,0.998
2.317677134,-0.0462,0.9955,0.0640,0.999
2.32001927,-0.0432,0.9940,0.0630,0.997
2.322650155,-0.0415,0.9940,0.0616,0.997
2.324790207,-0.0391,0.9931,0.0603,0.996
2.327263384,-0.0396,0.9901,0.0599,0.993
2.329459738,-0.0364,0.9896,0.0601,0.992
2.331853072,-0.0352,0.9921,0.0599,0.995
2.334295936,-0.0369,0.9911,0.0586,0.994
2.336470259,-0.0379,0.9906,0.0591,0.993
2.339086874,-0.0367,0.9921,0.0599,0.995
2.341317655,-0.0398,0.9928,0.0589,0.995
2.343596561,-0.0435,0.9933,0.0594,0.996
2.346236926,-0.0442,0.9948,0.0589,0.997
2.348323645,-0.0432,0.9931,0.0586,0.996
2.350678176,-0.0442,0.9943,0.0581,0.997
2.35293104,-0.0440,0.9943,0.0559,0.997
2.355354842,-0.0423,0.9931,0.0552,0.995
2.35768203,-0.0420,0.9928,0.0557,0.995
2.36010229,-0.0393,0.9926,0.0555,0.995
2.36257927,-0.0391,0.9931,0.0537,0.995
2.364905624,-0.0391,0.9923,0.0535,0.995
2.367153488,-0.0381,0.9921,0.0537,0.994
2.369355259,-0.0379,0.9916,0.0533,0.994
2.371730259,-0.0398,0.9916,0.0528,0.994
2.37439854,-0.0413,0.9923,0.0525,0.995
2.37646953,-0.0442,0.9916,0.0501,0.994
2.378908228,-0.0447,0.9943,0.0489,0.996
2.381591978,-0.0454,0.9945,0.0494,0.997
2.384047811,-0.0454,0.9952,0.0476,0.997
2.38587328,-0.0457,0.9931,0.0476,0.995
2.388220103,-0.0450,0.9906,0.0469,0.993
2.390645572,-0.0415,0.9923,0.0469,0.994
2.393014061,-0.0398,0.9928,0.0467,0.995
2.39559177,-0.0386,0.9943,0.0452,0.996
2.398413176,-0.0384,0.9935,0.0442,0.995
2.402862082,-0.0403,0.9938,0.0435,0.996
2.403566926,-0.0413,0.9923,0.0413,0.994
2.406647395,-0.0428,0.9911,0.0406,0.993
2.407068905,-0.0418,0.9916,0.0396,0.993
2.410785259,-0.0442,0.9916,0.0403,0.993
2.411927915,-0.0467,0.9921,0.0393,0.994
2.414267082,-0.0457,0.9923,0.0393,0.994
2.416438697,-0.0450,0.9933,0.0391,0.995
2.418782811,-0.0450,0.9926,0.0389,0.994
2.421102342,-0.0462,0.9926,0.0376,0.994
2.42340427,-0.0445,0.9921,0.0369,0.994
2.425825676,-0.0447,0.9918,0.0354,0.993
2.42830177,-0.0430,0.9918,0.0359,0.993
2.430619999,-0.0435,0.9911,0.0352,0.993
2.43304078,-0.0452,0.9901,0.0330,0.992
2.435328332,-0.0442,0.9904,0.0335,0.992
2.437651301,-0.0425,0.9916,0.0330,0.993
2.440098176,-0.0454,0.9933,0.0313,0.995
2.442618905,-0.0457,0.9926,0.0310,0.994
2.444873436,-0.0484,0.9933,0.0313,0.995
2.447046353,-0.0469,0.9938,0.0315,0.995
2.44933552,-0.0479,0.9938,0.0313,0.995
2.451856822,-0.0479,0.9935,0.0298,0.995
2.454325155,-0.0472,0.9933,0.0278,0.995
2.458261665,-0.0447,0.9923,0.0306,0.994
2.459108384,-0.0423,0.9891,0.0308,0.991
2.46113078,-0.0420,0.9884,0.0325,0.990
2.463319113,-0.0384,0.9894,0.0313,0.991
2.466231822,-0.0376,0.9894,0.0293,0.991
2.468157863,-0.0396,0.9918,0.0286,0.993
2.47049828,-0.0411,0.9926,0.0281,0.994
2.473064634,-0.0423,0.9928,0.0269,0.994
2.47524328,-0.0432,0.9923,0.0266,0.994
2.477675155,-0.0437,0.9921,0.0281,0.993
2.479821561,-0.0447,0.9950,0.0296,0.996
2.482728644,-0.0442,0.9948,0.0291,0.996
2.484631301,-0.0445,0.9950,0.0291,0.996
2.487081405,-0.0437,0.9928,0.0310,0.994
2.489308853,-0.0418,0.9909,0.0310,0.992
2.493662967,-0.0428,0.9913,0.0298,0.993
2.496022551,-0.0413,0.9916,0.0293,0.993
2.496421822,-0.0376,0.9896,0.0273,0.991
2.498926717,-0.0393,0.9906,0.0266,0.992
2.501131509,-0.0411,0.9916,0.0281,0.993
2.503484113,-0.0425,0.9931,0.0269,0.994
2.505819947,-0.0445,0.9928,0.0283,0.994
2.508276092,-0.0445,0.9940,0.0291,0.995
2.510702863,-0.0445,0.9931,0.0296,0.994
2.512818228,-0.0462,0.9926,0.0315,0.994
2.515337707,-0.0452,0.9931,0.0315,0.995
2.517636457,-0.0445,0.9943,0.0340,0.996
2.519890519,-0.0432,0.9923,0.0320,0.994
2.522395519,-0.0408,0.9928,0.0288,0.994
2.524691197,-0.0420,0.9928,0.0283,0.994
2.527217394,-0.0413,0.9918,0.0288,0.993
2.529281613,-0.0403,0.9916,0.0271,0.993
2.531943957,-0.0408,0.9926,0.0278,0.994
2.534418592,-0.0418,0.9928,0.0291,0.994
2.536353853,-0.0430,0.9926,0.0288,0.994
2.538943072,-0.0452,0.9928,0.0313,0.994
2.541194426,-0.0464,0.9911,0.0318,0.993
2.543688592,-0.0462,0.9926,0.0308,0.994
2.546021717,-0.0452,0.9943,0.0315,0.996
2.548633592,-0.0442,0.9928,0.0310,0.994
2.550592342,-0.0428,0.9928,0.0291,0.994
2.552907707,-0.0413,0.9921,0.0296,0.993
2.555320676,-0.0396,0.9913,0.0298,0.993
2.557799165,-0.0379,0.9896,0.0303,0.991
2.560263228,-0.0391,0.9906,0.0308,0.992
2.56260604,-0.0376,0.9916,0.0308,0.993
2.564547759,-0.0371,0.9935,0.0276,0.995
2.56770953,-0.0362,0.9938,0.0193,0.995
2.569873124,-0.0357,0.9931,0.0156,0.994
2.571781301,-0.0374,0.9943,0.0173,0.995
2.57452328,-0.0367,0.9943,0.0220,0.995
2.577174217,-0.0369,0.9938,0.0296,0.995
2.578781092,-0.0396,0.9913,0.0379,0.993
2.580988801,-0.0386,0.9921,0.0435,0.994
2.583339738,-0.0369,0.9923,0.0452,0.994
2.585692186,-0.0352,0.9926,0.0408,0.994
2.588115311,-0.0330,0.9916,0.0347,0.993
2.592307394,-0.0325,0.9926,0.0264,0.993
2.594765311,-0.0335,0.9933,0.0193,0.994
2.595274165,-0.0347,0.9933,0.0176,0.994
2.597776457,-0.0359,0.9950,0.0198,0.996
2.600091926,-0.0367,0.9950,0.0234,0.996
2.602834738,-0.0371,0.9933,0.0298,0.994
2.60468604,-0.0381,0.9918,0.0357,0.993
2.607517186,-0.0379,0.9911,0.0411,0.993
2.610300832,-0.0391,0.9918,0.0440,0.994
2.611796822,-0.0396,0.9940,0.0420,0.996
2.614141197,-0.0386,0.9913,0.0362,0.993
2.616492759,-0.0381,0.9916,0.0332,0.993
2.618829374,-0.0389,0.9935,0.0303,0.995
2.621104009,-0.0386,0.9935,0.0278,0.995
2.623476926,-0.0374,0.9918,0.0276,0.993
2.625887499,-0.0379,0.9909,0.0332,0.992
2.628395103,-0.0389,0.9918,0.0384,0.993
2.630551144,-0.0384,0.9928,0.0423,0.994
2.633938801,-0.0401,0.9921,0.0428,0.994
2.635206561,-0.0415,0.9928,0.0425,0.995
2.637532394,-0.0406,0.9931,0.0415,0.995
2.639837811,-0.0398,0.9931,0.0393,0.995
